empresa_raw,channel_code,n_estadias
PARTICULAR,DIRECTO,1964
BOOKING,OTA,537
EXPEDIA,OTA,243
TAKUARAL,AGENCIA,239
CUARTA DIMENSION,AGENCIA,239
INTI,EMPRESA,119
HELVETAS,EMPRESA,115
CLIENTE,REFERIDO,109
CXC,NOISE,86
TROPICAL TOURS,AGENCIA,83
EFECTIVO,NOISE,77
VIVA,AGENCIA,67
BANCO ECONOMICO,EMPRESA,66
BANCO UNION,EMPRESA,64
LIC. NATY,REFERIDO,52
CRECER,EMPRESA,50
NOCHE DE BODAS,EVENTO,44
TARJETA,NOISE,41
COBOL,EMPRESA,41
PIL ANDINA,EMPRESA,39
LIBOBASQUET,EMPRESA,39
BIOTECH,EMPRESA,38
CIES,EMPRESA,38
UARTA DIMENSION,AGENCIA,38
VISION MUNDO,EMPRESA,36
DMC,AGENCIA,36
TAKUARAL TOURS,AGENCIA,35
GOETHE-INSTITUT,EMPRESA,35
FYP,EMPRESA,35
HIDALGO TOURS,AGENCIA,33
BANCO UNIÓN,EMPRESA,32
LIC. NATHY,REFERIDO,32
GIZ,EMPRESA,29
PLAZA,EMPRESA,28
ZEPPELIN,UNKNOWN,28
VETERQUIMICA,EMPRESA,27
COL. MEDICO SANTA CRUZ,EMPRESA,27
IRD,EMPRESA,26
ENDE,EMPRESA,25
BANCO DE CREDITO,EMPRESA,24
EUROFINSA,EMPRESA,24
ANDES DISCOVERY,AGENCIA,24
ANDAVENTURE,AGENCIA,24
BCP,EMPRESA,23
COLEGIO ALEMAN SCZ,EMPRESA,23
ONU,EMPRESA,23
NATALIA,REFERIDO,22
HUMANITARIAN,EMPRESA,22
FIIAP,EMPRESA,22
FELAFACS,EMPRESA,22
MANQA,EMPRESA,22
CORTEX,EMPRESA,21
LIC NATY,REFERIDO,20
BANCO GANADERO,EMPRESA,20
FACEBOOK,DIRECTO,19
CBM,EMPRESA,18
CRUZ ROJA BOLIVIANA,EMPRESA,18
MARIE STOPES,EMPRESA,18
AGETIC,EMPRESA,18
IPAS,EMPRESA,18
U CATOLICA,EMPRESA,18
FAIR PLAY,EMPRESA,17
REDES,DIRECTO,17
SUSANA CAMPOS,REFERIDO,17
DANITA TOURS,AGENCIA,17
CORTEX BOLIVIA,EMPRESA,16
REAL SANTA CRUZ,EMPRESA,16
C/C,NOISE,16
FIAP,EMPRESA,16
SAN MIGUEL ABOGADOS,EMPRESA,16
YPFB,EMPRESA,15
ANTIPODE,AGENCIA,15
VICEPRESIDENCIA,EMPRESA,15
PLAZA HOTEL,EMPRESA,15
CATOLICA,EMPRESA,15
BDP,EMPRESA,14
GRUPO VENENO,EMPRESA,14
FREE TRAVEL,AGENCIA,13
DESCUBRE S.T.,AGENCIA,13
LA SALLE,EMPRESA,13
CONVISA,EMPRESA,12
TEXTIL MODA,EMPRESA,12
MAURICIO PROD.,REFERIDO,12
ANDADVENTURE,AGENCIA,12
COFEMEL,EMPRESA,12
FEXPO,EMPRESA,12
CBA,EMPRESA,12
MEDICINA INTERNA,EMPRESA,12
AMIGOS POR SIEMPRE,REFERIDO,11
PRODAC,EMPRESA,11
PMA,EMPRESA,11
NACIONES UNIDAS,EMPRESA,11
MARIE STOP,EMPRESA,11
MERCANTIL SANTA CRUZ,EMPRESA,11
BMSC,EMPRESA,11
PARTICULAR/CLIENTE,REFERIDO,11
TRANSTURIN,AGENCIA,11
BIOQUIMICA,EMPRESA,11
BANDA ESCOLAR,EMPRESA,11
STARZ INFINITE,AGENCIA,10
BANCO MERCANTIL,EMPRESA,10
SOUTH AMERICAN PLANET,AGENCIA,10
AGENTE DE VIAJES,AGENCIA,10
COPELME,EMPRESA,10
TRAVELERO,AGENCIA,10
ONU MUJERES,EMPRESA,10
PRIETO Y ASOCIADOS,EMPRESA,9
SAN MIGUEL ASOCIADOS,EMPRESA,9
BANCO UNÓN,EMPRESA,9
LE TOURS,AGENCIA,9
PAGADO,NOISE,9
HELVETAS SWISS,EMPRESA,9
ANESTESIOLOGIA,EMPRESA,9
NATHY DAVALOS,REFERIDO,9
AZUMIT,EMPRESA,9
ICBA,EMPRESA,8
OPTICENTRO,EMPRESA,8
CAB,EMPRESA,8
BOOINK INVERSIONES,UNKNOWN,8
JP SA COUTO,EMPRESA,8
CYRIL,REFERIDO,8
DESCUBRE ST,AGENCIA,8
EMBAJADA BRITANICA,EMPRESA,8
SAN SIMON,EMPRESA,8
FLAPIA,EMPRESA,8
AM TRAVEL,AGENCIA,8
G. OCTAVIA,UNKNOWN,7
DIACONIA,UNKNOWN,7
PK2,UNKNOWN,7
SIMRAS,UNKNOWN,7
CAJA PETROLERA,EMPRESA,7
USFX,UNKNOWN,7
EFECITIVO,UNKNOWN,7
ORTODONCISTAS,UNKNOWN,7
INST. DE ONCOLOGIA,UNKNOWN,7
LATCO UNIVERSAL,UNKNOWN,7
UNIVALLE CBB,UNKNOWN,7
LAB. BAGO,UNKNOWN,7
BANCO MERCANTIL SCZ,EMPRESA,6
CLUB INDEPENDIENTE,UNKNOWN,6
FORTALEZA,UNKNOWN,6
USFXCH,UNKNOWN,6
FIFA,UNKNOWN,6
PRIETO,UNKNOWN,6
TENIS CLUB CBB,UNKNOWN,6
ODONTOLOGOS,UNKNOWN,6
BANCA PRIVADA,UNKNOWN,6
SAP,UNKNOWN,6
ROCHE BOLIVIA SRL,EMPRESA,6
ROCHE SRL,EMPRESA,6
SOCIEDAD DE PSIC,UNKNOWN,6
CONGRESO REUMATOLOGÍA,EMPRESA,6
FARMEDICAL,UNKNOWN,6
PARADOR,UNKNOWN,6
PARRALES,UNKNOWN,6
EVENTO,EVENTO,6
LIC.NATHY,REFERIDO,6
SAVE THE CHILDREN,UNKNOWN,6
U. CATOLICA,UNKNOWN,6
KFW,UNKNOWN,6
IMBA,UNKNOWN,5
NATALIA / FACEBOOK,DIRECTO,5
SAN MIGUEL ASOC,UNKNOWN,5
CLUB DE TENIS,UNKNOWN,5
FISCALIA GENERAL,UNKNOWN,5
IMEXCOMED,EMPRESA,5
UNION EUROPEA,EMPRESA,5
SOCIEDAD DE BIOQUIMICA,UNKNOWN,5
ONCOLOGIA,UNKNOWN,5
DESCUBRE SERVICIOS TURISTICOS,UNKNOWN,5
WILSTERMAN,UNKNOWN,5
CONCRECEL,UNKNOWN,5
MOTOCICLISTAS,UNKNOWN,5
PROMO FACEBOOK,DIRECTO,5
COL. DE ODONTOLOGOS,UNKNOWN,5
ANTIPODE SRL,EMPRESA,5
COE,UNKNOWN,5
KOICA,UNKNOWN,5
EMB. VENEZUELA,UNKNOWN,5
TULIP AGENCIA,AGENCIA,5
OPAL,UNKNOWN,5
BNB,UNKNOWN,5
SOCIEDAD DE PSIQUIATRIA,UNKNOWN,5
AGENTE 5,UNKNOWN,5
CLUB FUTBOL,UNKNOWN,5
CARA PINTADA,UNKNOWN,5
BANCO SOL,EMPRESA,5
AMIGOS DE BOLIVIA,REFERIDO,5
PABLITO HC,UNKNOWN,5
POLICIA BOLIVIANA,UNKNOWN,5
SIB,UNKNOWN,5
ONG ORE,EMPRESA,5
GRUPO BETICO Y SU MAQUINA,UNKNOWN,5
GRUPO 2K,UNKNOWN,5
EMBAJADA DE CHILE,UNKNOWN,5
DESCUBRE S.T,UNKNOWN,5
USFX BIOQUIMICA,UNKNOWN,5
TECNOLOGIA,UNKNOWN,5
OXFAM,UNKNOWN,4
AFP FUTURO,UNKNOWN,4
UNIVERSAL TOURS,AGENCIA,4
PARTICUALR,UNKNOWN,4
DEPÓSITO,NOISE,4
PATOLOGÍA,UNKNOWN,4
TENNIS,UNKNOWN,4
MISS CHUQUISACA,UNKNOWN,4
TOP TOURS,AGENCIA,4
TORICO TOURS,AGENCIA,4
CATALEYA TOURS,AGENCIA,4
CIOF,UNKNOWN,4
UNIVERSIDAD,EMPRESA,4
LAB. IFA,UNKNOWN,4
VALORIZA,UNKNOWN,4
VICTOR KATTAN,UNKNOWN,4
SOC. DE PATOLOGIA,UNKNOWN,4
FAC. DE TECNOLOGIA,UNKNOWN,4
CAPITAL PLAZA,UNKNOWN,4
DELAPAZ,UNKNOWN,4
DESCUBRE TURISMO,AGENCIA,4
TRAUMATOLOGIA,UNKNOWN,4
FAC. ARQUITECTURA,UNKNOWN,4
FUNDASIL,UNKNOWN,4
DROGUERIA INTI,EMPRESA,4
H. INDEPENDENCIA,UNKNOWN,4
REAL AUDIENCIA,UNKNOWN,4
ALAIN,UNKNOWN,4
IDEPRO,UNKNOWN,4
CARLA MOLINA,UNKNOWN,4
MARIE ESTOPES,UNKNOWN,4
R.A. TRAVEL AGENCI,AGENCIA,4
BODA,EVENTO,4
PRIETOS Y ASOC.,UNKNOWN,3
PROESA,UNKNOWN,3
AIRBNB,OTA,3
ALCALDIA,EMPRESA,3
NUEVATEL/VIVA,AGENCIA,3
ARQ. CARLOS,UNKNOWN,3
PK-2,UNKNOWN,3
NACHO Y SAHARA,UNKNOWN,3
BOLIVIA TOURING,AGENCIA,3
TUPIZA TOURS,AGENCIA,3
ARBITROS,UNKNOWN,3
CENT. FAML.CR,UNKNOWN,3
PETI SRL,EMPRESA,3
CESTAS,UNKNOWN,3
INTERCAMBIO,UNKNOWN,3
SOLARSA TOURS,AGENCIA,3
KALEIDOSCOPE TRAVEL,AGENCIA,3
CLUB WILSTERMANN,UNKNOWN,3
SMI,UNKNOWN,3
SAFI UNION,UNKNOWN,3
ROCHE B.S.R.L,EMPRESA,3
CBM INTERNACIONAL,UNKNOWN,3
VETERQUÍMICA,UNKNOWN,3
HOTEL PLAZA,UNKNOWN,3
CDLM,UNKNOWN,3
AMISTAD CLUB,UNKNOWN,3
ELENITA TOURS,AGENCIA,3
STAFFING LTDA,EMPRESA,3
AGENCIA DE VIAJES,AGENCIA,3
T. PROMOCIONA,UNKNOWN,3
LAS LOMAS,UNKNOWN,3
MANQ'A,UNKNOWN,3
EMB. BRITANICA,UNKNOWN,3
FRIEDRICH EBERT,UNKNOWN,3
KALEIDOSCOPE,UNKNOWN,3
DORIA MEDINA,UNKNOWN,3
ALISON PAOLA,UNKNOWN,3
ZEPELIN,UNKNOWN,3
SOC. TRANSPLANTE,UNKNOWN,3
EMATOLOGIA CBBA,UNKNOWN,3
ESC. DE NEGOCIOS,UNKNOWN,3
FREE GROUP TRAVEL,AGENCIA,2
QUIMIZA,UNKNOWN,2
PARTICULAR / C.N.S.,DIRECTO,2
PARTCULAR,UNKNOWN,2
HANSA,UNKNOWN,2
PATICULAR,UNKNOWN,2
AIR BNB,OTA,2
FRIGOR,UNKNOWN,2
CSAPEK,UNKNOWN,2
DECUBRE O. T,UNKNOWN,2
DIAMEDIC,UNKNOWN,2
SUR TRAVEL,AGENCIA,2
CLUB AMISTAD,UNKNOWN,2
AMAZONAS,UNKNOWN,2
DESCUBRE S. T.,UNKNOWN,2
SRA LESLY,UNKNOWN,2
ALIANZA SOLIDARIDAD,UNKNOWN,2
MEDICEQ,UNKNOWN,2
BOA,UNKNOWN,2
LIDERAZGO BOLIVIA,UNKNOWN,2
AMIGOS ARQUITECTO,REFERIDO,2
CAJA BANCA PRIVADA,EMPRESA,2
PETTI SRL,EMPRESA,2
BANCO MERCANTIL SANTA CRUZ,EMPRESA,2
AMIGOS DE NATALIA,REFERIDO,2
MERCANTIL SANTA CRZ,UNKNOWN,2
IMEX COMED,UNKNOWN,2
ASOCI. TENIS,UNKNOWN,2
MAGRI TOUR,AGENCIA,2
PROSEC,UNKNOWN,2
BANCO LOS ANDES SANTA CRUZ,EMPRESA,2
SOCIEDAD DE ANASTECIOLOGIA,UNKNOWN,2
AMPARO SILVA,UNKNOWN,2
CORTESIA HTL,UNKNOWN,2
EFECTIVO EN $U$,NOISE,2
SBN,UNKNOWN,2
BIOQUIMICA/FARMAC,UNKNOWN,2
ACOBOL,EMPRESA,2
PARTICULAR (USFX),DIRECTO,2
SRA. MARITZA,REFERIDO,2
INVITADOS ANDRES,UNKNOWN,2
DISEÑADOR WEB,DIRECTO,2
GAS & ELECTRICIDAD,UNKNOWN,2
FIIAAP,UNKNOWN,2
INFOCRED,UNKNOWN,2
CLUB WILSTERMAN,UNKNOWN,2
MEDICOS,UNKNOWN,2
VIAJES A LA CARTA,AGENCIA,2
ROCHE BOLIVIA,UNKNOWN,2
SOC. DE ANESTESIOLOGIA,UNKNOWN,2
POSGRADO CHUQUISACA,UNKNOWN,2
EMPRESA DE GRANOS,EMPRESA,2
CBM INITERNACIONAL,UNKNOWN,2
PAGINA WEB,DIRECTO,2
SUBGERENTE NACIONAL BDP,UNKNOWN,2
FREMEN TOURS,AGENCIA,2
BLACK FRIDAY,UNKNOWN,2
AYNINAKUNA,UNKNOWN,2
TURISMO SAUCES,AGENCIA,2
ANDAVENTURA,UNKNOWN,2
VISIÓN MUNDO,UNKNOWN,2
NACIONAL SEGUROS,EMPRESA,2
SEGUROS IPROVE,EMPRESA,2
BDC TRAVEL,AGENCIA,2
EMPRESARIO MEX,EMPRESA,2
TEXTIL Y MODA,UNKNOWN,2
DELEGACIÓN JAPON,UNKNOWN,2
EMBAJADA JAPON,UNKNOWN,2
ACONCAL,UNKNOWN,2
CLUB DE TIRO,UNKNOWN,2
ROTARY CLUB,UNKNOWN,2
UTEPSA,UNKNOWN,2
SOC. PSIQUITARIA,UNKNOWN,2
AIMINA CUNA,UNKNOWN,2
ECOJET,UNKNOWN,2
NATOURTRAVEL,AGENCIA,2
DESCUBRE. ST,UNKNOWN,2
PAPELERA,UNKNOWN,2
MIA TOURS,AGENCIA,2
UNIVALLE,UNKNOWN,2
OPERADORES TURISTICOS,AGENCIA,2
SAMSUNG,UNKNOWN,2
NUBA TECHNICAL,UNKNOWN,2
UNIVERSAL SRL,EMPRESA,2
GEOTREK,UNKNOWN,2
PÁRTICULAR,UNKNOWN,2
J Y C VIAJES,AGENCIA,2
PARTICILAR,UNKNOWN,2
ALAIN LOEGAIS,UNKNOWN,2
TRIO IMPULSO,UNKNOWN,2
THOPSON,UNKNOWN,2
TUBROKER,UNKNOWN,2
JOY RIDE,UNKNOWN,2
CLUB DE LEONES,UNKNOWN,2
EMBAJADA DE CUBA,UNKNOWN,2
SUDAMERICA SR,UNKNOWN,2
DAERLING RIVERO,UNKNOWN,2
LATO UNIVERSAL,UNKNOWN,2
BCO. GANADERO,UNKNOWN,2
MONTERREY,UNKNOWN,2
INVITADO NOVIOS,UNKNOWN,2
LATCO UNIVERSA,UNKNOWN,2
COPIJSUD,UNKNOWN,2
JYC TRAVEL,AGENCIA,2
FEDERACION,UNKNOWN,2
RESERV.LICE NATY,REFERIDO,1
REUNION MEDICOS,UNKNOWN,1
HOTELS.COM,OTA,1
PRIETO Y ASOC.,UNKNOWN,1
SOC. DE ANESTECIOLOGOS,UNKNOWN,1
PAQ NOCHE DE BODAS,EVENTO,1
BNCO MERCANTIL SCZ,UNKNOWN,1
WELLA,UNKNOWN,1
AIR B&B,UNKNOWN,1
AIR BNB (BCP),OTA,1
TOURSMAKERS,AGENCIA,1
LATCO,UNKNOWN,1
NOCHE DE BODAS / LIC NATY,EVENTO,1
PARTICULAR/FACEBOOK,DIRECTO,1
NATI-PARTICULAR,DIRECTO,1
SAFI UNIÓN,UNKNOWN,1
POPPE/NATALIA,UNKNOWN,1
BIOTECNO,UNKNOWN,1
LIC. NATI,REFERIDO,1
MARIE STOPS,UNKNOWN,1
ENTEL,UNKNOWN,1
GUEVARA Y GUTIERREZ,UNKNOWN,1
PROESA BOLIVIA,EMPRESA,1
"ARQ, CARLOS",UNKNOWN,1
BANCON UNIÓN,EMPRESA,1
DESCUBRE SERVICIOS T.,UNKNOWN,1
G FINNIX,UNKNOWN,1
GOB. DEP. SANTA CRUZ,UNKNOWN,1
FACEBOOK/NATALIA,DIRECTO,1
"PARTICULAR, PAX ADICIONAL",DIRECTO,1
PARTICULAR ?,DIRECTO,1
ONU HABITAT,UNKNOWN,1
F E S,UNKNOWN,1
SWISS CONTACT,UNKNOWN,1
CENA ROMANTICA,UNKNOWN,1
AGUATUYA,UNKNOWN,1
BANCO UNION PARTICULAR,EMPRESA,1
SOC. PERU,UNKNOWN,1
SEGIP,UNKNOWN,1
SAN MIGULE ASOCIADOS,UNKNOWN,1
SF,UNKNOWN,1
GHIZ,UNKNOWN,1
LICEN NATI,UNKNOWN,1
SERVICIOS AMBIENTALES,UNKNOWN,1
FES,UNKNOWN,1
SAN LORENZO TOURS,AGENCIA,1
FAUTAPO,UNKNOWN,1
BOLIVIA,UNKNOWN,1
CAMARA HOTELERA,UNKNOWN,1
INDEPENDIENTE PETROLERO,UNKNOWN,1
CASA DE LA LIBERTAD,EMPRESA,1
COSUDE,EMPRESA,1
AMIGO DE LA LIC.,REFERIDO,1
CAJA BANCARIA,EMPRESA,1
ENRIQUE ASOCIADOS,UNKNOWN,1
VIVA-NUEVATEL,AGENCIA,1
CEPI,UNKNOWN,1
PETI,UNKNOWN,1
EUDON,UNKNOWN,1
PARADOR SANTA MARIA,UNKNOWN,1
VIOTEC,UNKNOWN,1
BIOTECH BOLIVIA LTD.,UNKNOWN,1
PARTICUAR,UNKNOWN,1
SOC.IN.EMATOLO,UNKNOWN,1
AUSPICIO,UNKNOWN,1
TOYOSA S.A,EMPRESA,1
CAJA PRIVADA SALUD,EMPRESA,1
EX ALCALDE TARIJA,UNKNOWN,1
UNNAMED: 11,UNKNOWN,1
UNIVERSIDAD ANDINA,EMPRESA,1
NOCHE DE BODAS + SALON,EVENTO,1
EMBAJADA DEL JAPON,UNKNOWN,1
DEPOSITO,NOISE,1
EN TATJETA,UNKNOWN,1
TARY EFEC,UNKNOWN,1
VIP,UNKNOWN,1
EFECITIVO (600),UNKNOWN,1
TARJETA (370),NOISE,1
TRANSFER OUT,UNKNOWN,1
DEPOSITO BANCARIO,NOISE,1
PAGARA C/ TARJETA,UNKNOWN,1
TARJETA/EFECTIVO,NOISE,1
POR COBRAR,UNKNOWN,1
STALYC,UNKNOWN,1
.,UNKNOWN,1
ESCUELA BIOQUIMICA,UNKNOWN,1
FOTOGRAFO,UNKNOWN,1
TELETON SOLIDARIO,UNKNOWN,1
TOURICO HOLIDAYS,AGENCIA,1
COLG.ARQUITECTOS,UNKNOWN,1
ARQUITECTURA,UNKNOWN,1
FOAM,UNKNOWN,1
AMENITIES,UNKNOWN,1
PANAMERICAN,UNKNOWN,1
UNIBROSA,UNKNOWN,1
B. MERCANTIL S.C,UNKNOWN,1
AGE. SARAÑANI,UNKNOWN,1
MERCANTIL S.C.,UNKNOWN,1
WALK-IN,DIRECTO,1
FACULTAD DE ARQUITECTURA,UNKNOWN,1
ROTARY,UNKNOWN,1
F.S.D.D,UNKNOWN,1
SAX,UNKNOWN,1
UPSA,UNKNOWN,1
PARTICULAR / BCO ECONOMICO,DIRECTO,1
CASOBRA,UNKNOWN,1
MERCANTIL SCZ,UNKNOWN,1
PARTICULAR / WILSTERMAN,DIRECTO,1
B. DE CREDITO,UNKNOWN,1
B DE CREDITO,UNKNOWN,1
PIL ANDINA CBBA,EMPRESA,1
B.ECONOMICO,UNKNOWN,1
LAB. ROCHE,UNKNOWN,1
ANADVENTURE,UNKNOWN,1
IRP,UNKNOWN,1
SUREÑA,UNKNOWN,1
VITALICIA SEGUROS,EMPRESA,1
RUTAS DEL SUR,UNKNOWN,1
AMIGO DE ARQ.,REFERIDO,1
PARTICULAR/ CASOBRAL,DIRECTO,1
RED UNO,UNKNOWN,1
STAR INFINITE,UNKNOWN,1
NUEVATEL / VIVA,AGENCIA,1
BANCO MERCANTIL S.C.,EMPRESA,1
POSGRADO CH,UNKNOWN,1
GO ON COM.,UNKNOWN,1
DANIELA AYLLÓN,UNKNOWN,1
PIL CBBA,EMPRESA,1
ONG REALIDADES,EMPRESA,1
COLEGIO DE ODONTOLOGOS,UNKNOWN,1
PLASTIFORTE,UNKNOWN,1
CRUZ ROJA,UNKNOWN,1
CONSUL COSTA RICA,UNKNOWN,1
EMBAJADA URUGUAY,UNKNOWN,1
EMBAJADA PARAGUAY,UNKNOWN,1
EMBAJADA VENEZUELA,UNKNOWN,1
DELEGACIÓN PERÚ,UNKNOWN,1
CONSUL MEXICO,UNKNOWN,1
CONSUL COLOMBIA,UNKNOWN,1
CONSUL ECUADOR,UNKNOWN,1
EMBAJADA DE VENEZUELA,UNKNOWN,1
TRIB. CONSTIT. PLURIN.,UNKNOWN,1
BCD TRAVEL,AGENCIA,1
BANCO ECONÓMICO,EMPRESA,1
PARTICULAR (COE),DIRECTO,1
INBOLTECO,UNKNOWN,1
SCHOLARS AT RISK NET,UNKNOWN,1
END SEX TRAFFICKING,UNKNOWN,1
LAB IFA,UNKNOWN,1
UNICEF,UNKNOWN,1
STROLLON,UNKNOWN,1
MAXIKING,UNKNOWN,1
INVITADA LIC NATY,REFERIDO,1
CIMAL,UNKNOWN,1
MODELO,UNKNOWN,1
DELEGACION JAPON,UNKNOWN,1
PARTIICULAR,UNKNOWN,1
SOUTH AMERICA PLANET,UNKNOWN,1
ENVIBOL,UNKNOWN,1
SR. DE LAS CORTINAS,REFERIDO,1
SILVER TOURS,AGENCIA,1
WEB HOTEL,DIRECTO,1
AMIGO DE ARQUITECTO,REFERIDO,1
FREE,UNKNOWN,1
UMSA,UNKNOWN,1
GANADORA C. FOTOGRAFIA,UNKNOWN,1
SEÑORES DE LA CORTINAS,UNKNOWN,1
FUNDACION AGUA,EMPRESA,1
AMASZONAS,UNKNOWN,1
AMIGOS DE CARLITA,REFERIDO,1
JK COUTO,UNKNOWN,1
FUNDACION LED,EMPRESA,1
AMIGA DE LIC NATY,REFERIDO,1
INVITADOS,UNKNOWN,1
DEMOCRATAS,UNKNOWN,1
NIBOL,UNKNOWN,1
CAMARA DE TECNOLOGIA.,UNKNOWN,1
PARTICULAR(SEÑOR BARUK),DIRECTO,1
PARTICULAR (OJO),DIRECTO,1
U. ANDINA,UNKNOWN,1
ASOCIACION DE CONUNTOS FOLCLORICOS,UNKNOWN,1
UNICTRAVEL,AGENCIA,1
PAQUETE ESPECIAL 21 / 09,UNKNOWN,1
AIMMA CUNA,UNKNOWN,1
FELFACS,UNKNOWN,1
PARTICULAR/FELAFACS,DIRECTO,1
PAQUETE NOCHE DE BODAS,EVENTO,1
E.DE FISCALES,UNKNOWN,1
CRISTO DE LAS AMERICAS,UNKNOWN,1
SAFI MERCANTIL,UNKNOWN,1
SIMON Y PATIÑO,UNKNOWN,1
REUMATOLOGIA,UNKNOWN,1
SIB CHUQUISACA,UNKNOWN,1
SOBRINA LIC NATY,REFERIDO,1
AUPICIO POCHOLO,UNKNOWN,1
ROYAL TOURS,AGENCIA,1
P.M.A.,UNKNOWN,1
LA PAPELERA,UNKNOWN,1
SAN MIGUEL ABOG,UNKNOWN,1
DANITA TOUR,AGENCIA,1
BOTTERO,UNKNOWN,1
MANPOWER,UNKNOWN,1
CARA PINTADAS,UNKNOWN,1
CORESUR,UNKNOWN,1
FAM TRIP,OTA,1
VIAJES MAYOR. DE TURISMO,AGENCIA,1
EXPIDIA,UNKNOWN,1
PARRTICULAR,UNKNOWN,1
T. EMOCIONA,UNKNOWN,1
T.EMOCIONA,UNKNOWN,1
SOCIEDAD BOLIVIANA DE CIRUJIA,UNKNOWN,1
ARQ. ANDRES,UNKNOWN,1
UNIVERSAL,UNKNOWN,1
UNITEL,UNKNOWN,1
UNITAL,UNKNOWN,1
EMBAJDA DE MEXICO,UNKNOWN,1
POLLICIA BOLIVIANA,UNKNOWN,1
FIBRE IFB,UNKNOWN,1
CPLOR TROPICAL,AGENCIA,1
MERCANTILSANTA CRUZ,UNKNOWN,1
ADVENTUR,UNKNOWN,1
BID,UNKNOWN,1
BOKING,UNKNOWN,1
MIGA,UNKNOWN,1
T-PROMOCIONA,UNKNOWN,1
INGLATERRA,AGENCIA,1
DAYCI TOURS,AGENCIA,1
PARTICULA,UNKNOWN,1
GRUPO BRASILERO,UNKNOWN,1
PARTIVULAR,UNKNOWN,1
CLUB TENNIS,UNKNOWN,1
AGENCIA,AGENCIA,1
ESTROPICAL,AGENCIA,1
HOTEL INDEPENDENCIA,UNKNOWN,1
BANCO FORTALEZA,EMPRESA,1
NATALIA DAVALOS,UNKNOWN,1
PINTURAS Y COLORES,UNKNOWN,1
FAIRPLAY,UNKNOWN,1
LOS PARRALES,UNKNOWN,1
ORTODONCIA,UNKNOWN,1
PARTIULAR,UNKNOWN,1
CLUB TENIS,UNKNOWN,1
SOBOCE,UNKNOWN,1
DESCUBRE. S.T,UNKNOWN,1
LIC NATHY,REFERIDO,1
DJ DE NATHY,REFERIDO,1
BOOKINS,UNKNOWN,1
VISION MUNOD,UNKNOWN,1
ARQ. CARLOS DAVALOS,UNKNOWN,1
BOOKING (BEM THOPSON),OTA,1
THPSON,UNKNOWN,1
LLU,UNKNOWN,1
CLIENTE0,REFERIDO,1
B,UNKNOWN,1
RECOMENDADOS,REFERIDO,1
COLEGIO DE INGENIEROS CIVILIES,UNKNOWN,1
QUIMBAYA,UNKNOWN,1
CLIENTES,REFERIDO,1
EMBAJADA DE RUSIA,UNKNOWN,1
EMBAJADA DE EGIPTO,UNKNOWN,1
FAIR PLAR,UNKNOWN,1
EMBAJDA DE COLOMBIA,UNKNOWN,1
EMBAJAJADA DE MEXICO,UNKNOWN,1
PRIME SRL,EMPRESA,1
BANCO DESARROLLO,EMPRESA,1
ING CIVIL,UNKNOWN,1
OPAL LTDA,EMPRESA,1
LAFAGE,UNKNOWN,1
KHOLBETH,UNKNOWN,1
IDEPRO IFD,UNKNOWN,1
BOOINK,UNKNOWN,1
BOOKIBG,UNKNOWN,1
GRUPO SAYA B,UNKNOWN,1
PLU CON PLA,UNKNOWN,1
BOOKIMG,UNKNOWN,1
BOOKINKG,UNKNOWN,1
PRESIDENTE DE DIPUTADOS,UNKNOWN,1
EMBAJADA DE CHINA,UNKNOWN,1
EMBAJADA DE SUDAFRICA,UNKNOWN,1
EMBAJADA DE PERU,UNKNOWN,1
EMBAJADA D EAUSTRALIA,UNKNOWN,1
DIPUTADA DE LA PAZ,UNKNOWN,1
EMBAJADOR D EBRASIL,UNKNOWN,1
DIPUTADA DE BENI,UNKNOWN,1
CAMARA DE DIPUTADOS,UNKNOWN,1
BANCO MUNDIAL,EMPRESA,1
EMBAJADA D EEGIPTO,UNKNOWN,1
FOUR TOUR SUCRE,AGENCIA,1
BBOKING,UNKNOWN,1
NESTLE,UNKNOWN,1
SAN SIMONS,UNKNOWN,1
INDUSTRIA VENADO,UNKNOWN,1
SAM SIMON,UNKNOWN,1
BOLIVIA MILENARIA,UNKNOWN,1
REP. DOMINICANA,UNKNOWN,1
DOMINICANA,UNKNOWN,1
EMB. COLOMBIA,UNKNOWN,1
AZIMUT,UNKNOWN,1
ANBDAVENTURE,UNKNOWN,1
COFAR,UNKNOWN,1
