month,chosen_path,decided_by,decided_on,note,flag
2013-05,2013/ARCHIVO (Registros de caja)/REGISTRO DE CAJA 2013  (hasta OCTURBRE 2013).xlsx,Sebas,2026-10-07,copias idénticas; mismo libro que 2013-06..10,
2013-06,2013/ARCHIVO (Registros de caja)/REGISTRO DE CAJA 2013  (hasta OCTURBRE 2013).xlsx,Sebas,2026-10-07,,
2013-07,2013/ARCHIVO (Registros de caja)/REGISTRO DE CAJA 2013  (hasta OCTURBRE 2013).xlsx,Sebas,2026-10-07,,
2013-08,2013/ARCHIVO (Registros de caja)/REGISTRO DE CAJA 2013  (hasta OCTURBRE 2013).xlsx,Sebas,2026-10-07,,
2013-09,2013/ARCHIVO (Registros de caja)/REGISTRO DE CAJA 2013  (hasta OCTURBRE 2013).xlsx,Sebas,2026-10-07,,
2013-10,2013/ARCHIVO (Registros de caja)/REGISTRO DE CAJA 2013  (hasta OCTURBRE 2013).xlsx,Sebas,2026-10-07,,
2013-11,2013/ARCHIVO (Registros de caja)/REGISTRO DE CAJA 2013 -NOVIEMBRE 2013.xlsx,Sebas,2026-10-07,,
2013-12,2013/ARCHIVO (Registros de caja)/REGISTRO DE CAJA (DICIEMBRE 2013).xlsx,Sebas,2026-10-07,,
2014-01,2014/ARCHIVOS (caja 2014)/REGISTRO DE CAJA (Enero 2014).xlsx,Sebas,2026-10-07,,
2014-02,2014/ARCHIVOS (caja 2014)/CAJA (febrero 2014).xlsx,Sebas,2026-10-07,,
2014-03,2014/ARCHIVOS (caja 2014)/CAJA (MARZO 2014).xlsx,Sebas,2026-10-07,,
2014-04,2014/ARCHIVOS (caja 2014)/CAJA (abril 2014).xlsx,Sebas,2026-10-07,,
2014-05,2014/ARCHIVOS (caja 2014)/CAJA  (mayo  2014).xlsx,Sebas,2026-10-07,,
2014-06,2014/ARCHIVOS (caja 2014)/CAJA  (junio  2014).xlsx,Sebas,2026-10-07,,
2014-07,2014/ARCHIVOS (caja 2014)/CAJA  (julio  2014).xlsx,Sebas,2026-10-07,,
2014-08,2014/ARCHIVOS (caja 2014)/CAJA  (agosto  2014).xlsx,Sebas,2026-10-07,,
2014-09,2014/ARCHIVOS (caja 2014)/CAJA  (SEPTIEMBRE).xlsx,Sebas,2026-10-07,,
2014-10,2014/ARCHIVOS (caja 2014)/CAJA  (OCTUBRE).xlsx.xls,Sebas,2026-10-07,la .xls cubre 1-31 oct; la .xlsx solo 1-26,
2014-11,2014/ARCHIVOS (caja 2014)/CAJA  (NOVIEMBRE 2014).xlsx,Sebas,2026-10-07,,
2014-12,2014/ARCHIVOS (caja 2014)/CAJA  (DICIEMBRE 2014).xlsx,Sebas,2026-10-07,,
2015-01,2015/CAJA/CAJA (ENERO - 2015).xlsx,Sebas,2026-10-07,,
2015-02,2015/CAJA/CAJA (FEBRERO-2015).xlsx,Sebas,2026-10-07,,
2015-03,2015/CAJA/CAJA (MARZO-2015).xlsx,Sebas,2026-10-07,,
2015-04,2016/Caja/CAJA NOVIEMBRE 2016.xls,Sebas,2026-10-07,libro acumulativo 2015-04..2016-11: la versión final contiene las anteriores,
2015-05,2016/Caja/CAJA NOVIEMBRE 2016.xls,Sebas,2026-10-07,libro acumulativo 2015-04..2016-11: la versión final contiene las anteriores,
2015-06,2016/Caja/CAJA NOVIEMBRE 2016.xls,Sebas,2026-10-07,libro acumulativo 2015-04..2016-11: la versión final contiene las anteriores,
2015-07,2016/Caja/CAJA NOVIEMBRE 2016.xls,Sebas,2026-10-07,libro acumulativo 2015-04..2016-11: la versión final contiene las anteriores,
2015-08,2016/Caja/CAJA NOVIEMBRE 2016.xls,Sebas,2026-10-07,libro acumulativo 2015-04..2016-11: la versión final contiene las anteriores,
2015-09,2016/Caja/CAJA NOVIEMBRE 2016.xls,Sebas,2026-10-07,libro acumulativo 2015-04..2016-11: la versión final contiene las anteriores,
2015-10,2016/Caja/CAJA NOVIEMBRE 2016.xls,Sebas,2026-10-07,libro acumulativo 2015-04..2016-11: la versión final contiene las anteriores,
2015-11,2016/Caja/CAJA NOVIEMBRE 2016.xls,Sebas,2026-10-07,libro acumulativo 2015-04..2016-11: la versión final contiene las anteriores,
2015-12,2016/Caja/CAJA NOVIEMBRE 2016.xls,Sebas,2026-10-07,libro acumulativo 2015-04..2016-11: la versión final contiene las anteriores,
2016-01,2016/Caja/CAJA NOVIEMBRE 2016.xls,Sebas,2026-10-07,libro acumulativo 2015-04..2016-11: la versión final contiene las anteriores,
2016-02,2016/Caja/CAJA NOVIEMBRE 2016.xls,Sebas,2026-10-07,libro acumulativo 2015-04..2016-11: la versión final contiene las anteriores,
2016-03,2016/Caja/CAJA NOVIEMBRE 2016.xls,Sebas,2026-10-07,libro acumulativo 2015-04..2016-11: la versión final contiene las anteriores,
2016-04,2016/Caja/CAJA NOVIEMBRE 2016.xls,Sebas,2026-10-07,libro acumulativo 2015-04..2016-11: la versión final contiene las anteriores,
2016-05,2016/Caja/CAJA NOVIEMBRE 2016.xls,Sebas,2026-10-07,libro acumulativo 2015-04..2016-11: la versión final contiene las anteriores,
2016-06,2016/Caja/CAJA NOVIEMBRE 2016.xls,Sebas,2026-10-07,libro acumulativo 2015-04..2016-11: la versión final contiene las anteriores,
2016-07,2016/Caja/CAJA NOVIEMBRE 2016.xls,Sebas,2026-10-07,libro acumulativo 2015-04..2016-11: la versión final contiene las anteriores,
2016-08,2016/Caja/CAJA NOVIEMBRE 2016.xls,Sebas,2026-10-07,libro acumulativo 2015-04..2016-11: la versión final contiene las anteriores,
2016-09,2016/Caja/CAJA NOVIEMBRE 2016.xls,Sebas,2026-10-07,libro acumulativo 2015-04..2016-11: la versión final contiene las anteriores,
2016-10,2016/Caja/CAJA NOVIEMBRE 2016.xls,Sebas,2026-10-07,libro acumulativo 2015-04..2016-11: la versión final contiene las anteriores,
2016-11,2016/Caja/CAJA NOVIEMBRE 2016.xls,Sebas,2026-10-07,libro acumulativo 2015-04..2016-11: la versión final contiene las anteriores,
2016-12,2016/Informes/INFORME CAJA DICIEMBRE.xlsx,Sebas,2026-10-07,"única fuente del mes; reporte curado, no el libro diario",source_curated_report
